Type,Name,Request Count,Failure Count,Median Response Time,Average Response Time,Min Response Time,Max Response Time,Average Content Size,Requests/s,Failures/s,50%,66%,75%,80%,90%,95%,98%,99%,99.9%,99.99%,100%
GET,/api/health,276,0,1,1.506536971007428,0.5954099997325102,26.27493200088793,110.0,4.681778892677918,0.0,1,1,1,1,2,3,5,11,26,26,26
GET,/api/notes [browse],289,0,2,3.6579362906296162,1.1852389998239232,44.06392000055348,2.0,4.902297463709849,0.0,2,2,2,2,3,3,43,44,44,44,44
GET,/api/notes [public],130,0,2,2.555196476812573,1.1453520000941353,25.691528999232105,2.0,2.2051857103193093,0.0,2,2,2,2,3,4,7,25,26,26,26
POST,/api/register,25,25,4,9.164117759864894,2.5207350008713547,28.151661999800126,397.04,0.4240741750614056,0.4240741750614056,4,4,11,24,26,26,28,28,28,28,28
GET,/api/search,190,190,43,45.39068113687168,41.511974999593804,558.098006000364,30.0,3.2229637304666827,3.2229637304666827,43,43,43,43,44,44,45,47,560,560,560
,Aggregated,910,215,2,11.712588674700973,0.5954099997325102,558.098006000364,51.45494505494506,15.436299972235165,3.647037905528088,2,2,4,42,43,43,44,44,560,560,560
