Type,Name,Request Count,Failure Count,Median Response Time,Average Response Time,Min Response Time,Max Response Time,Average Content Size,Requests/s,Failures/s,50%,66%,75%,80%,90%,95%,98%,99%,99.9%,99.99%,100%
GET,/api/health,568,0,1,1.3023698309258231,0.5668980011250824,12.463662998925429,110.0,9.619774595938642,0.0,1,1,1,1,1,5,6,7,12,12,12
GET,/api/notes [browse],590,0,2,3.7629972491832646,1.186962001156644,48.9173589994607,2.0,9.992371499302463,0.0,2,2,2,2,3,3,45,46,49,49,49
GET,/api/notes [public],234,0,2,2.2661400769829614,1.112019999709446,9.84196600074938,2.0,3.963076153960638,0.0,2,2,2,2,2,7,9,9,10,10,10
POST,/api/register,50,50,5,5.696503779836348,2.952549999463372,14.105587999438285,398.3,0.8468111440086833,0.8468111440086833,5,6,6,6,8,13,14,14,14,14,14
GET,/api/search,389,389,42,42.52313683288769,41.23402100049134,46.60814999988361,30.0,6.588190700387556,6.588190700387556,42,43,43,43,43,44,45,46,47,47,47
,Aggregated,1831,439,2,11.095858348434263,0.5668980011250824,48.9173589994607,52.27362097214637,31.010224093597984,7.43500184439624,2,2,6,42,43,43,44,45,48,49,49
