Type,Name,Request Count,Failure Count,Median Response Time,Average Response Time,Min Response Time,Max Response Time,Average Content Size,Requests/s,Failures/s,50%,66%,75%,80%,90%,95%,98%,99%,99.9%,99.99%,100%
GET,/api/health,51,0,1,1.3844908039840556,0.7079839997459203,3.100287000052049,110.0,1.763708416495279,0.0,1,1,1,1,2,2,3,3,3,3,3
GET,/api/notes [browse],61,0,2,5.095869049194439,1.758262000294053,42.32379099994432,2.0,2.1095335962002357,0.0,2,3,3,3,3,42,42,42,42,42,42
GET,/api/notes [public],23,0,2,2.426201087038625,1.8789189998642541,3.361519000463886,2.0,0.7953979133214003,0.0,2,2,2,3,3,3,3,3,3,3,3
POST,/api/register,10,10,2.2229429996514227,2.7511100999618066,2.2229429996514227,5.7562500005587935,396.4,0.34582517970495663,0.34582517970495663,3,3,3,3,6,6,6,6,6,6,6
GET,/api/search,29,29,43,42.87464934482002,41.93835399928503,44.070191999708186,30.0,1.0028930211443743,1.0028930211443743,43,43,43,44,44,44,44,44,44,44,44
,Aggregated,174,39,2,9.816871264398475,0.7079839997459203,44.070191999708186,60.98850574712644,6.017358126866245,1.348718200849331,2,3,3,6,43,43,44,44,44,44,44
